PT,ImageURL,1995,1996,1997,1998,1999,2000,2001,2002,2003,2004,2005,2006,2007,2008,2009,2010,2011,2012,2013,2014,2015,2016
Afeganistão,https://upload.wikimedia.org/wikipedia/commons/9/9a/Flag_of_Afghanistan.svg,,,,,,,,,,,,,,,3.98152700023436,3.4128191528383,4.14358145936131,6.34590567573504,,,,
Albânia,https://upload.wikimedia.org/wikipedia/commons/3/36/Flag_of_Albania.svg,6.685551758586639,7.96762317768731,49.872214578599205,18.609714660785198,16.142023773686198,4.1960685080253795,7.0458441049344005,6.925232179630259,5.33589627789091,4.22887989238631,5.00133314756953,3.11033741922536,3.47232901011837,3.1086513767815798,2.86906756991665,4.31895664889773,4.8519489287956,5.3766405174725405,4.24806216422323,4.0057861355291005,2.2576822770572997,2.6989264217312403
Alemanha,https://upload.wikimedia.org/wikipedia/en/b/ba/Flag_of_Germany.svg,1.71611081784386,1.6812583958753502,1.5365737531897399,1.21189355246765,1.2387428484612502,1.24558588598776,1.1344703252488402,1.17017294592497,1.05158141501848,1.0622199106293702,1.0640221255870799,0.9909204096774019,0.930610428686001,0.8899193876013571,0.9917790777645209,0.9802856883790471,0.9118543286762869,0.812915583046494,0.8392282452134859,0.8786390813263921,0.8346817461919079,1.1761928512473898
Andorra,https://upload.wikimedia.org/wikipedia/commons/1/19/Flag_of_Andorra.svg,,,,,,,,,,1.31157861602224,,,0.0,1.1924494103337702,0.0,0.0,1.1940155938436599,0.0,0.0,0.0,0.0,
Angola,https://upload.wikimedia.org/wikipedia/commons/9/9d/Flag_of_Angola.svg,,,,,,,,,,,,,,,,,4.3561623077172404,4.84934940219914,,,,
Antígua e Barbuda,https://upload.wikimedia.org/wikipedia/commons/8/89/Flag_of_Antigua_and_Barbuda.svg,,,,,,5.982006125574269,8.22977532713357,5.79602624440683,5.7278361380637595,4.532218407605059,3.3612315552418397,12.1814819326475,18.6034295969622,17.3014122277731,17.097487737895502,6.33840758073547,,10.333033675356699,,,,
Argentina,https://upload.wikimedia.org/wikipedia/commons/1/1a/Flag_of_Argentina.svg,7.812329652194969,8.50452118312994,9.141835337261911,7.2146833501214696,7.3013816879650495,,,,,,,,,,,,,,,7.507878677612919,6.534191707012099,5.94256445075001
Argélia,https://upload.wikimedia.org/wikipedia/commons/7/77/Flag_of_Algeria.svg,,,,,,,,,2.00595528003537,1.36760588193583,0.612825408414339,0.923680458074455,0.7900857129296159,0.9408871849014001,0.781035003902355,0.7032575248485939,0.7604654026536658,1.39222203614895,1.25200313981521,1.47520103960511,1.3593660117565602,
Armênia,https://upload.wikimedia.org/wikipedia/commons/2/2f/Flag_of_Armenia.svg,3.59893806506818,3.5937374396512203,3.18995953855321,2.99121836183514,2.9120332981300896,2.9645672318239504,2.88462641629421,2.27430265430896,2.5183858737109,2.76610238178078,1.9454867893061298,2.6702720973466296,2.62524820528486,3.3353735274497796,3.3580467107759397,1.9462616310854097,2.46906625130713,2.25543925199919,2.17728716240385,2.47744492846378,2.5711787997737403,2.9781257689212697
Arábia Saudita,https://upload.wikimedia.org/wikipedia/commons/0/0d/Flag_of_Saudi_Arabia.svg,,,,,0.9397861159165899,0.8331602800034978,1.07493609528384,1.30099512889164,1.1083316615997398,1.29580018675021,1.2423839147006799,1.03750051722452,1.04939818202259,,,,,,,,1.49569935733094,
Austrália,https://upload.wikimedia.org/wikipedia/commons/8/88/Flag_of_Australia_%28converted%29.svg,1.79927428534592,1.70309051429349,1.73277921105429,1.5212268796199298,1.81022756407651,1.8986840179112,1.80086361530481,1.8793140462653202,1.73123056680996,1.51390367632459,1.27971362874757,1.3658276531591,1.21737762156303,1.2229124310829098,1.20980503278894,1.04430077598329,1.10321271111009,1.06476911664782,1.05828200917561,1.03515840990808,0.9916151376941651,0.9411560778163759
Azerbaijão,https://upload.wikimedia.org/wikipedia/commons/d/dd/Flag_of_Azerbaijan.svg,,,,,,2.78231202989237,2.6594190584461,2.561309844189,2.18863943050406,2.37901298657029,2.24861060458815,2.2015725021277,2.1663619241145198,2.1763999352521,,2.2806640540884904,,2.18026777789806,2.3547480083999504,2.4832248167595803,,2.14125174818278
Bahamas,https://upload.wikimedia.org/wikipedia/commons/9/93/Flag_of_the_Bahamas.svg,,,,,,24.841384403638898,14.1850990482788,16.8199329143445,15.835513355672,13.642311007484698,15.793517975757,18.1639519995236,22.785165104811803,20.936342048205198,24.516987172261402,26.050904576090804,34.6456864756334,29.8355817535258,31.5449051002015,32.184714092456495,37.741897124894706,28.4005573673349
Bahrain,https://upload.wikimedia.org/wikipedia/commons/2/2c/Flag_of_Bahrain.svg,,,,,,,1.2902319406952099,1.08821625033327,0.385252038304326,0.8435279713875309,0.4498587443542729,0.7303733042296959,0.38614101290579794,0.5383145371840771,1.09701956660976,0.886480527246382,0.547615564486035,0.307640955317459,0.38010933464901797,0.523796446714562,,
Bangladesh,https://upload.wikimedia.org/wikipedia/commons/f/f9/Flag_of_Bangladesh.svg,,,,,,2.54063567403752,2.7425828717870098,2.56440914743118,2.49678099758464,2.76135400014079,2.50433830247179,2.8658300900932803,2.62540521919819,2.75459667187466,2.8041661547739705,2.62111307104527,2.5767985371581,2.6418017426939904,2.7879443928148997,2.8317757280798705,2.50308797930552,
Barbados,https://upload.wikimedia.org/wikipedia/commons/e/ef/Flag_of_Barbados.svg,,,,7.520465065559651,8.62204694892,7.411607318221071,9.23582762251325,9.20884933585779,12.120855952809501,8.05592275102438,10.583593969541099,12.7254680245347,9.053050878145939,8.29369787140441,6.82299709124861,11.0884969363556,9.62220376976561,7.812916170960809,8.49530457436754,8.82192070857667,10.9071589665643,
Belarus,https://upload.wikimedia.org/wikipedia/commons/8/85/Flag_of_Belarus.svg,9.343764998081118,9.468630232809211,10.005505477940801,10.1994514545983,9.6363914464461,10.197703573796801,9.81468477389914,10.0844976900484,9.024590623419538,8.42211691303684,8.57450826754087,7.66576191877154,6.805172014616129,5.69034569218217,5.133752164582821,4.23305177381232,3.9393779373712796,3.5896293496541802,3.5130651208336197,3.5846635861754703,,
Belize,https://upload.wikimedia.org/wikipedia/commons/e/e7/Flag_of_Belize.svg,,,,,,16.578048238076903,25.0996140934333,33.1800187638727,24.895032140601202,28.6139614399704,28.5939204382989,31.642630878392602,32.5059398740646,33.6419904299969,30.898706395395102,40.1109425138678,37.667987071374796,43.0649151621171,28.7639352549966,34.9735849914983,33.1210616552738,37.5991678050859
Benin,https://upload.wikimedia.org/wikipedia/commons/0/0a/Flag_of_Benin.svg,,,,,,7.3140700292355705,,,,,7.1864138928932695,,,,,6.568058714794309,,,,,6.18276348053584,
Bolívia,https://upload.wikimedia.org/wikipedia/commons/4/48/Flag_of_Bolivia.svg,,,,,,,,,,,5.238121381737519,5.1921001657378705,8.15553214105808,8.625130275405201,8.3924700176703,12.834935868675098,12.263920765546501,11.924988016412499,8.96131098210584,8.91863112456459,6.25658234888512,6.30019121723221
Botswana,https://upload.wikimedia.org/wikipedia/commons/f/fa/Flag_of_Botswana.svg,,,,,,,12.1372016627396,14.3262209732504,17.2916508483162,14.1581890637556,15.6801296655121,13.8517533347698,14.6258855190152,14.4372726193785,14.5968295080212,15.0382209040204,,,,,,
Brasil,https://upload.wikimedia.org/wikipedia/en/0/05/Flag_of_Brazil.svg,,,,,,23.7295736165923,24.739546628263103,25.303785609222302,25.6614767508452,24.0226772500913,23.349664297236,23.853544393611497,23.3606164568557,23.7771949821553,22.8419264190528,21.9882217380859,24.200916772038603,26.452802138489698,26.7592342603254,27.956576132642798,28.383376227631196,29.5279564980517
Bulgária,https://upload.wikimedia.org/wikipedia/commons/9/9a/Flag_of_Bulgaria.svg,5.91147812800959,5.2943239166489695,4.85483790696472,4.686183164081349,4.0535309043303505,4.1511483114016405,3.8837174640938996,3.24176470992054,3.16509183059045,3.15112593345649,2.5898768611161,2.4393573788396803,2.3391197694077204,2.2901786885291697,2.01179448044066,1.9987602284528898,1.7400257442246398,1.92876351348486,1.5001085170243702,1.6061710198285999,1.79730921910955,1.1360420127971598
Burkina Faso,https://upload.wikimedia.org/wikipedia/commons/3/31/Flag_of_Burkina_Faso.svg,,,,,,,,0.634502281767821,0.640082385715068,0.598592432916782,0.46938108006821705,0.49894509268339,0.659555581625932,0.7352077227308391,0.5085496105665779,0.595954545201134,0.509889873736344,0.506903054066763,0.714590168188168,0.784716140593156,0.369948600335361,
Burundi,https://upload.wikimedia.org/wikipedia/commons/5/50/Flag_of_Burundi.svg,,,,,,,,,,,,,,4.15232632560278,4.42924522245236,3.95805601276616,3.8591219248105895,5.36497380283292,5.4165617207833305,5.701698074868151,4.5199313284186,6.02052199689204
Butão,https://upload.wikimedia.org/wikipedia/commons/9/91/Flag_of_Bhutan.svg,,,,,,3.13908227185848,3.2225237449118,3.13325054955566,0.8020095150408859,2.34271773999581,1.6751974829396399,1.33883146789482,2.0379702980386,2.56794350524288,2.23945984228604,2.1988865388289,4.32134609930994,4.38266218838276,3.13741484860012,,1.52403014531627,1.12929130696647
Bélgica,https://upload.wikimedia.org/wikipedia/commons/9/92/Flag_of_Belgium_%28civil%29.svg,,,,,,2.0618490526144,2.73281791612168,3.07769936665964,2.20749873884637,2.5572233592430296,2.0954052219773702,2.0810641337824802,1.9723616974836498,1.8832613596608898,1.74028502001328,1.7278042743318,1.9431434413052198,1.8495879027928799,1.8383157369153202,1.85397107680334,1.9489827196104899,
Bósnia e Herzegovina,https://upload.wikimedia.org/wikipedia/commons/b/bf/Flag_of_Bosnia_and_Herzegovina.svg,,,,,,2.62829113819873,2.17432577339707,2.38359640733756,,1.7983295105608201,1.85110259603917,1.9314887703772101,1.74880763116057,1.7536405977363703,1.89507123999849,1.50453348178064,1.3825390736717098,1.7268790088262702,1.2760059018046899,1.4021304530956498,1.61200872973429,1.2753632191936202
Camarões,https://upload.wikimedia.org/wikipedia/commons/4/4f/Flag_of_Cameroon.svg,,,,,,3.0050606793113195,4.8175313731361795,6.409743904930379,6.067644425378929,,,,,4.10429825808504,6.57145146381011,5.00237976074204,4.06911213971119,4.17410119150193,,,,
Camboja,https://upload.wikimedia.org/wikipedia/commons/8/83/Flag_of_Cambodia.svg,3.5544070035964,4.7299652373735706,6.75975926391762,6.6159814078408,4.75278405983305,4.69867813264821,3.28160359631503,3.3637444855366496,3.9601267365039,3.9116990958769704,3.37598503594633,2.96857268576196,2.8735016571622998,2.39904747008917,2.34914913960106,2.31327146904619,1.84345922096239,,,,,
Canadá,https://upload.wikimedia.org/wikipedia/en/c/cf/Flag_of_Canada.svg,1.83604638194433,1.9437349905629098,1.7520795978806498,1.68028315892703,1.5863704840566,1.77643165180846,1.78567215342908,1.85818480439684,1.73581436537204,1.9562172292533502,2.05649284966108,1.8624322390941497,1.8079988777687401,1.83807306717636,1.80527685977476,1.6272217576640702,1.7545575500956598,1.57016885475523,1.44374657057006,1.46328880816053,1.68012486554481,1.68410454480005
Catar,https://upload.wikimedia.org/wikipedia/commons/6/65/Flag_of_Qatar.svg,,,,0.9110322359646371,0.526435853791215,0.168842768548644,0.810522527663134,,,0.6588874027317471,0.693751495901663,0.4948623391944829,0.756535839204192,0.8637182205677221,0.502897949433611,0.224760012496657,0.20491236410468203,0.331821491414356,0.39991592878474896,0.37904009359763396,,
Cazaquistão,https://upload.wikimedia.org/wikipedia/commons/d/d3/Flag_of_Kazakhstan.svg,15.3649540781269,16.7063971308529,16.6680809672214,16.5802074248802,15.740229719834499,15.4409507162708,14.3617298198248,13.0216220492405,13.0708870773175,13.5903510717204,,,,11.292919970382199,10.9427963620979,8.45784517277176,8.52987076645094,7.48174816896624,6.50888168869681,5.169324246377999,4.8057291051631,
Chade,https://upload.wikimedia.org/wikipedia/commons/4/4b/Flag_of_Chad.svg,,,,,,11.377770854110802,,,,,10.7192448226678,,,,,9.68368059455875,,,,,9.04030029259613,
Chile,https://upload.wikimedia.org/wikipedia/commons/7/78/Flag_of_Chile.svg,,,,,,,,,3.24692956289492,,3.56721197116702,3.6152421550470697,3.7352152026654397,3.52900040103369,3.74343962206234,3.18359754054438,3.70772904685654,2.50725804988704,3.1838777592509704,3.62216030863985,3.0063029336618703,3.46278280351677
China,https://upload.wikimedia.org/wikipedia/commons/f/fa/Flag_of_the_People%27s_Republic_of_China.svg,,,,,,2.09304006454604,2.0093184619641997,2.0233372547518,1.8672724536471599,1.8805829048714098,1.5715519705237702,1.3521574657538402,1.2057894897295902,1.10166856954232,1.0847826450184301,0.9862070000896379,0.878623283736108,0.8206814524149839,0.7694570603663041,0.7253380801295041,0.6585405846032121,0.6156007118674871
Chipre,https://upload.wikimedia.org/wikipedia/commons/d/d4/Flag_of_Cyprus.svg,,,,,,0.848099091897897,0.7289525368589641,0.204715414866024,1.40907018477943,1.58351560257717,1.94617275397068,1.43470787912873,1.22213531482206,0.832129057669318,1.73029917783469,0.7190319672624751,0.8001173505447471,1.93822011484835,1.04904641680712,0.954605058191856,1.29200635667127,1.11086766968333
Cingapura,https://upload.wikimedia.org/wikipedia/commons/4/48/Flag_of_Singapore.svg,1.46481261600023,0.8667602208505041,1.06246967534468,0.9837121201043371,1.04039516289077,0.945334137293176,0.7464953907642099,0.532531888977752,0.56479957263499,0.48054480050525894,0.46759749741819395,0.36861155519166605,0.38034640259920294,0.556573764885514,0.40277771624229297,0.374439424766448,0.30911799555527003,0.20869071618479998,0.317114659520519,0.256958906030495,0.252923890504189,0.32055793607419397
Colômbia,https://upload.wikimedia.org/wikipedia/commons/2/21/Flag_of_Colombia.svg,69.6726338112749,71.78689966413309,67.1845498883999,60.0846549498988,62.29244854562679,65.6841589628422,67.9208124324558,68.2831346334286,55.8049813400982,47.30344278482411,41.840671664876204,39.8738727287302,38.7564301465263,35.9453118137764,34.8267944413908,33.666464879849,34.751487965753896,35.0671560568433,32.5687138289834,27.918950552113298,26.5028930804413,25.504326148187598
Comores,https://upload.wikimedia.org/wikipedia/commons/9/94/Flag_of_the_Comoros.svg,,,,,,10.3627728481425,,,,,9.53728141792302,,,,,8.5299134307778,,,,,7.70322986825722,
Coreia do Norte,https://upload.wikimedia.org/wikipedia/commons/5/51/Flag_of_North_Korea.svg,,,,,,6.63203647752908,,,,,5.046326683418839,,,,,4.79463529959967,,,,,4.395841375963959,
Coreia do Sul,https://upload.wikimedia.org/wikipedia/commons/0/09/Flag_of_South_Korea.svg,,,,,,,,,,,,,,,,,0.8583836105902339,0.8227858592298679,0.6816925796885671,0.7383067688440891,0.721434238146272,0.701114184271391
Costa Rica,https://upload.wikimedia.org/wikipedia/commons/f/f2/Flag_of_Costa_Rica.svg,5.304247606890679,5.31332449653439,5.75616396076708,5.98837933602775,6.394355845641821,6.34323310770275,6.430147332940019,6.34966888199559,7.2710157196936205,6.68730496355658,7.88635921165599,8.14613091273335,8.44496207662762,11.558845813124199,11.6971754997423,11.594445226696699,10.3032861396456,8.744936209235599,8.73278753765351,10.026116246196901,11.585215185492402,11.904981604537802
Croácia,https://upload.wikimedia.org/wikipedia/commons/1/1b/Flag_of_Croatia.svg,3.5553644130725197,2.61987765600835,2.55113622851262,2.85855062318586,2.6651735820946096,2.28090238821772,1.83753470898895,1.6606689219915602,1.57213144112504,1.8932827241373,1.55320042658193,1.6930930269963702,1.42127967437107,1.63127339498781,1.1287503305626,1.43248170755516,1.13600244449179,1.1870055016541299,1.0753175810216702,0.8455600931337471,0.8734622343258379,1.04463447717326
Cuba,https://upload.wikimedia.org/wikipedia/commons/b/bd/Flag_of_Cuba.svg,,,,,,5.2642265048692805,5.40828434738814,5.892316971352639,5.7092624780066705,5.857845532341031,6.0615443485714104,5.09904496481261,5.02490912920713,4.55359152816233,4.991782554064541,4.4559933595992804,4.70291865421491,5.455913146782691,5.905977366086559,5.2448620675578494,5.40072130602878,4.98768643112986
Dinamarca,https://upload.wikimedia.org/wikipedia/commons/9/9c/Flag_of_Denmark.svg,1.14649009700071,1.31298198569687,1.6674334334046,0.924589534137072,0.977353957005448,1.08589951984519,0.9705001547201211,1.0422868816470199,1.20661566951948,0.7958893610137479,0.977552805373663,0.532666899693129,0.712985495132777,0.9822119595219541,0.850455998220918,0.75609684088338,0.8239485297265409,0.8376911094238471,0.8513933673263959,1.2888613774856001,0.984408550642986,0.9806813823278481
Djibouti,https://upload.wikimedia.org/wikipedia/commons/3/34/Flag_of_Djibouti.svg,,,,,,8.939955748734642,,,,,8.10618661060141,,,,,7.415197035526219,,,,,6.48470717985711,
Dominica,https://upload.wikimedia.org/wikipedia/commons/c/c4/Flag_of_Dominica.svg,,,,,,2.870428842069,1.43533802210421,12.8895508707608,11.413407900931599,11.367027096150801,11.327112860520801,7.06144872682079,9.8661028893587,9.848889889411039,18.2509932752109,20.996640537514,8.36610056052874,,,,,
Egito,https://upload.wikimedia.org/wikipedia/commons/f/fe/Flag_of_Egypt.svg,,,,,,,,,0.6366418443030329,0.427158249223729,0.679880938520672,0.702413877917244,0.8549452921136209,1.1945072775448502,1.10592343017868,2.18648477522948,3.14677153638856,2.5132879423889305,,,,
El Salvador,https://upload.wikimedia.org/wikipedia/commons/3/34/Flag_of_El_Salvador.svg,139.132078848139,117.27728151537701,112.568659946571,94.9967310849073,65.04718077567371,60.51851293862289,60.7860328258123,47.7248382784515,56.1999552878782,64.9416117084877,64.3892040436155,64.8396642405041,57.4835928478378,52.026896874638396,71.3997545490866,64.67545638616201,70.58470164197041,41.695827491791796,40.203001962796,62.4244868288472,105.441951639277,82.84225749989541
Emirados Árabes Unidos,https://upload.wikimedia.org/wikipedia/commons/c/cb/Flag_of_the_United_Arab_Emirates.svg,,,,,,,,,1.20258732654682,0.660480815356228,1.22282436617301,0.743986301495298,,,,0.8100901932657572,0.5880674202001159,0.775241439958168,0.632892910189276,0.6724825752598951,0.655429545584142,0.8938111054500679
Equador,https://upload.wikimedia.org/wikipedia/commons/e/e8/Flag_of_Ecuador.svg,,,,,,14.514677641125,12.899958024563599,14.580716428780198,14.5753059102376,17.691061801984898,15.442038733525699,17.0753779493509,16.0008976834459,18.044566965692898,17.8677480341223,17.5631365632631,15.444061234648599,12.4710872466369,11.014237610116,8.24366954090495,6.53478662032481,5.85376668216684
Eritrea,https://upload.wikimedia.org/wikipedia/commons/2/29/Flag_of_Eritrea.svg,,,,,,9.876460364666249,,,,,9.61967024484966,,,,,8.867043670960449,,,,,8.04416849668742,
Eslovenia,https://upload.wikimedia.org/wikipedia/commons/f/f0/Flag_of_Slovenia.svg,2.23781345281901,1.92747812819556,1.82208826499237,0.7073347072467959,1.26111165479036,1.8104107671163001,1.4082034894276598,1.8106247460095801,1.05582551729166,1.35580964432594,1.0018629641819001,0.598864851673653,1.1919312215954099,0.493939851956348,0.638687565833949,0.7334360795787929,0.779181820129773,0.6794830104980129,0.5807990730446789,0.8209209284132808,0.963953907579955,0.48163984109353103
Eslováquia,https://upload.wikimedia.org/wikipedia/commons/e/e6/Flag_of_Slovakia.svg,2.3841036906297597,2.45316362396942,2.5974531971402,2.37188662085467,2.61045849648699,2.38923798310531,2.1851827572043403,2.24067683995679,2.53709059783855,2.00021520834001,1.72255301619959,1.51892891060751,1.51898940523414,1.5929300577752,1.44425214494589,1.5173119745150803,1.62666337883493,1.1629903250281102,1.30872439923099,1.2700537343169098,0.808924942428444,1.04745985472283
Espanha,https://upload.wikimedia.org/wikipedia/en/9/9a/Flag_of_Spain.svg,1.0424372395713999,1.00456716212155,1.16893652427252,1.31373525561828,1.21655384339648,1.3519555719528702,1.3939857078534998,1.3433202685116201,1.37620897144767,1.19949248550252,1.1761331611607602,1.06426906224391,1.06181765823914,0.8848248109920721,0.8864776696275021,0.857045825022019,0.820735610191771,0.7768249389146701,0.646714828933328,0.694297754041345,0.650894838153921,0.633484517789215
Estados Unidos,https://upload.wikimedia.org/wikipedia/en/a/a4/Flag_of_the_United_States.svg,8.11268340776424,7.2923030340969595,6.6783219425055504,6.150310367836241,5.55746449436471,5.52728791117875,6.681706245534031,5.64473513216887,5.69876750774609,5.51994165406631,5.67208630220942,5.811756257877129,5.698028918794191,5.433885685423469,5.03109743574383,4.76993703025399,4.71336932500857,4.7412449756758,4.5379827731975,4.45803047732347,4.96453649323784,5.353325095113241
Estônia,https://upload.wikimedia.org/wikipedia/commons/8/8f/Flag_of_Estonia.svg,17.0749144519022,15.0733204341398,12.685399247998099,14.0965208923385,11.377124877351699,10.2207686017989,9.84387046616116,10.2695243908436,10.7071918095081,6.67368258938884,8.33549712019639,6.744252747912429,7.14247451029409,6.4192901160846505,5.2401877484410395,5.25485285661308,4.8929240038571296,4.75495383166256,3.9347437876449,3.10992681052733,3.19313688445634,
Etiópia,https://upload.wikimedia.org/wikipedia/commons/7/71/Flag_of_Ethiopia.svg,,,,,,10.690714111391099,,,,,9.40239071369363,,,,,8.45894110138266,,,,,7.56161239607092,
Eu corri,https://upload.wikimedia.org/wikipedia/commons/c/ca/Flag_of_Iran.svg,,,,,,,,,2.62015537739371,2.8944038174528997,,,,,3.00593458339952,,,,2.6305803558745198,2.46903843655181,,
Fiji,https://upload.wikimedia.org/wikipedia/commons/b/ba/Flag_of_Fiji.svg,,,,,,,,,3.06136943626719,2.81051965286416,2.79867659101722,2.65889624382562,2.5155364321547795,2.0157943415467097,3.40388770926573,2.3257166114308996,2.30657627963086,2.28938777192203,2.15979038665932,2.25783072139949,,
Filipinas,https://upload.wikimedia.org/wikipedia/commons/9/99/Flag_of_the_Philippines.svg,,,,7.986133274180389,7.536713527985821,7.35335892524486,7.3457313261109904,8.05511255646138,7.75123273625477,7.49186691359753,7.45761449040691,7.060745954827469,6.67685852574471,6.413091415951519,9.85460136418782,9.492500231311011,9.10389120503655,8.758433063055909,9.2941755525064,9.74603477690097,9.4802842874075,11.0198282378041
Finlândia,https://upload.wikimedia.org/wikipedia/commons/b/bc/Flag_of_Finland.svg,2.8583723488107,2.98526275287663,2.70467112269342,2.1937385653804,2.77024677474504,2.85276237992858,2.99972367929954,2.5319500446256202,1.97049876384682,2.82325022867373,2.2628190123194303,2.25482561102932,2.4348746530303598,2.50004605347993,2.24607806693537,2.2177568898624704,2.04110336852567,1.6257218759352499,1.63704775176323,1.6118051540034,1.4958137281406,1.4177693761814698
França,https://upload.wikimedia.org/wikipedia/en/c/c3/Flag_of_France.svg,2.30964046176144,2.01696350708443,1.65263956656979,1.6428434984887401,1.62208425674125,1.7631802040125302,1.74758491109483,1.85803003386828,1.6300551921493998,1.62597334418717,1.59388835269352,1.42711291129021,1.6026222967853099,1.63806689046949,1.3064801206607,1.26295600883054,1.3513603754963202,1.23193206246656,1.21558355590481,1.23382478298471,1.5777911299623502,1.35218684619834
Gabão,https://upload.wikimedia.org/wikipedia/commons/0/04/Flag_of_Gabon.svg,,,,,,10.8464534699242,,,,,11.0110771028404,,,,,8.71758869224063,,,,,8.042836801429921,
Gana,https://upload.wikimedia.org/wikipedia/commons/1/19/Flag_of_Ghana.svg,,,,,,,2.22947588523194,2.01259533352921,2.13236488754074,2.15376182138872,1.82434238143713,1.8631216105148798,1.7576928356439998,1.84560128831554,1.78632454354283,1.7215984396933002,1.6837968113426298,,,,,
Georgia,https://upload.wikimedia.org/wikipedia/commons/0/0f/Flag_of_Georgia.svg,7.71314365049478,5.40828982664628,5.78730849339303,4.996202474908991,5.0778957532975095,5.06135141471125,5.629085635301171,6.31367732784418,6.59520838456267,6.57353569529147,8.98240896618268,7.27658408757493,7.51616830295169,6.05919022493649,4.897735287203201,4.41906854069832,,,,2.70517635495521,,0.9896170395205341
Grenada,https://upload.wikimedia.org/wikipedia/commons/b/bc/Flag_of_Grenada.svg,,,,,,14.7610191007587,5.89107404098224,13.712047012732599,8.79120879120879,5.84476309226933,10.6849022331446,11.621263037604498,10.619195644199,15.394977388627,6.711666794507941,9.55319697736848,3.80680466333571,13.272532494003698,5.66524091436988,7.5216246709289205,5.61676792451064,10.2493193520194
Grécia,https://upload.wikimedia.org/wikipedia/commons/5/5c/Flag_of_Greece.svg,1.41494286488823,1.57141461067831,1.87530704688656,1.61696282198232,1.4171283457486001,,1.18021551092871,0.8380287459907231,1.08506490867178,0.984874108245295,1.1680171422443102,0.9701228616507791,1.1422649726115601,1.26098468717991,1.32822688352184,1.5376544043096299,1.61081275571105,1.4589229264201,1.35143490588537,0.94986775532756,0.8290395621244809,0.7503513386151759
Guatemala,https://upload.wikimedia.org/wikipedia/commons/e/ec/Flag_of_Guatemala.svg,32.5489794746735,35.319622084923395,38.1433409197048,30.8677838628448,24.192856154835702,24.9254489606371,27.0860765323382,29.7407257425107,33.894703866524104,35.2193984101649,40.760450420539705,43.927718786164796,42.196199407807995,44.9224302720634,45.3891142123668,40.7370480280911,38.0027478910013,33.7566701346652,33.6812511036332,31.387455530513,29.398682498474496,27.255019075076298
Guiana,https://upload.wikimedia.org/wikipedia/commons/9/99/Flag_of_Guyana.svg,14.9729593848174,12.0714961796458,11.922005418345899,15.469746378299599,12.4402594135853,10.0889285956079,10.6345785981764,19.0188912119423,27.797839216766,17.4282779797034,18.909482173152302,20.4108585767628,15.3770245858566,21.1707136674376,15.6901030316766,18.752779429808303,17.3541583233213,18.457264792701,20.4463639109805,19.518125002456102,19.3880657997122,18.3707760799041
Guiné,https://upload.wikimedia.org/wikipedia/commons/e/ed/Flag_of_Guinea.svg,,,,,,10.8573085004949,,,,,10.0522504403887,,,,,9.44271711099603,,,,,8.824580102043301,
Guiné Equatorial,https://upload.wikimedia.org/wikipedia/commons/3/31/Flag_of_Equatorial_Guinea.svg,,,,,,3.29260786687134,,,,,2.88722467738081,,,,,2.59242899914205,,,,,2.3052338071906404,
Guiné-Bissau,https://upload.wikimedia.org/wikipedia/commons/0/01/Flag_of_Guinea-Bissau.svg,,,,,,13.018312433349,,,,,11.677769551315901,,,,,10.473813808712801,,,,,9.549855882150279,
Haiti,https://upload.wikimedia.org/wikipedia/commons/5/56/Flag_of_Haiti.svg,,,,,,,,,,,,,5.08533687060716,5.13136024632178,6.06929757522427,6.77025930093123,9.00931626386612,10.0396434711703,,,,
Honduras,https://upload.wikimedia.org/wikipedia/commons/8/82/Flag_of_Honduras.svg,,,,,42.0842525751359,48.67967867120421,52.11367414700089,52.7891173114647,57.9059376120035,50.5125307583001,43.5618158713109,41.3450754408395,46.5492090526535,56.588257739635104,65.71233603496489,76.0972414383892,85.0615450931558,84.3204619613842,74.279968837295,66.8731473947284,57.45004173163,56.515703091121395
Hungria,https://upload.wikimedia.org/wikipedia/commons/c/c1/Flag_of_Hungary.svg,2.8650513391066097,2.62749838980887,2.80818575458866,2.8153970459957898,2.4713253004516202,2.00566458380846,2.49166053969956,1.9964846134963101,2.24808705539641,2.06622171389433,1.62594129856198,1.73032798565856,1.5363301681273898,1.81159402157959,1.39573059065913,1.3900304597979,1.4649122204391798,1.25637254445026,1.56477079105362,1.4877714864518503,2.25880717605664,2.07149933788933
Ilhas Salomão,https://upload.wikimedia.org/wikipedia/commons/7/74/Flag_of_the_Solomon_Islands.svg,,,,,,,,,,4.36372522495004,5.533268778530919,4.777513283564111,5.27447559540715,3.76627675790968,,,,,,,,
Indonésia,https://upload.wikimedia.org/wikipedia/commons/9/9f/Flag_of_Indonesia.svg,,,,,,1.04188121883784,,,0.7413445843354369,0.63457381094921,,,,0.580963840691991,0.547755235953026,0.43624526373403294,0.59705134532904,0.585013296516497,0.5499295937361801,0.500526952580727,0.57754407983173,0.495067928676664
Ir,https://upload.wikimedia.org/wikipedia/commons/6/68/Flag_of_Togo.svg,,,,,,10.5055398463534,,,,,10.6710442904505,,,,,9.60407867371618,,,,,8.999917767064561,
Iraque,https://upload.wikimedia.org/wikipedia/commons/f/f6/Flag_of_Iraq.svg,,,,,,,,,,,,,,15.7876203690119,8.543334105377781,8.747606395160169,8.3020632266098,8.22843853922364,9.85445713495604,,,
Irlanda,https://upload.wikimedia.org/wikipedia/commons/4/45/Flag_of_Ireland.svg,1.19081972152542,1.15433547792375,1.03546184323108,1.0251742324075401,1.0130780376678399,0.961344593709793,1.3301637917648998,1.30775235596617,0.913682443986945,0.726612346742318,1.23428160182218,1.44073133381513,1.7735039868597,1.1136876894521999,1.2259022640663502,1.14546844039933,0.9007890268454429,1.13293446914645,1.1106443082576203,1.10960626688549,0.617007229835406,0.8020795982104671
Islândia,https://upload.wikimedia.org/wikipedia/commons/c/ce/Flag_of_Iceland.svg,0.0,0.370207204972623,0.7330410942837461,0.0,0.718383063400897,1.7829443543066998,0.353473049447345,1.40189044927084,0.0,1.03055952511817,1.01702155068666,0.0,0.655307994757536,0.0,0.316369595616383,0.624360030968258,0.9275921562807271,0.30719512419898903,0.305783279158729,0.608904003239369,0.9084219801782321,0.300447727203078
Israel,https://upload.wikimedia.org/wikipedia/commons/d/d4/Flag_of_Israel.svg,2.10049400993496,2.13240056907757,2.7704840444094403,2.5498190409037798,2.3250422665530297,2.4444019122207,3.63812559853692,3.6382373941886,3.0710987714187503,2.67436430128677,2.51402020605879,2.6942163612654,1.80565777584853,1.91619196298368,1.76117018751647,1.9526097572044199,1.99503909087522,1.74046204071772,,1.48589738568947,1.3639947786279898,
Itália,https://upload.wikimedia.org/wikipedia/en/0/03/Flag_of_Italy.svg,1.7764346776970903,1.6737403417893701,1.5345861978649398,1.54085584551281,1.4154175401741698,1.33697024146852,1.2329069579373702,1.11415286762101,1.2365204438533999,1.22062332343796,1.03726532105921,1.05788995571402,1.06383855779504,1.03357201564273,0.989238211629676,0.8856549628563171,0.9236958765463059,0.887269348891953,0.8413219816316949,0.7971715614566909,0.7881794989571491,0.6730631628183
Iémen,https://upload.wikimedia.org/wikipedia/commons/8/89/Flag_of_Yemen.svg,,,,,,3.8993606894651496,,,3.61728953412291,3.22724586837593,4.591183751465469,4.22957190021764,3.90775761144982,3.90939664635495,4.30904487234759,4.6554424049125895,5.669587335684019,6.48736254950779,6.65850234447314,,,
Jamaica,https://upload.wikimedia.org/wikipedia/commons/0/0a/Flag_of_Jamaica.svg,31.687789151076004,37.2282538701285,41.373257330898795,33.9049949675357,33.3854182344587,33.3852240837318,42.547453110951,38.769094242659705,35.9445546948934,53.9069333991015,60.99087213668079,48.5458172887596,57.071476619970596,58.0261364915226,60.019642792186495,51.3628731972412,40.0425093824229,38.6836710557439,42.113649345835796,35.114236569328604,42.0622479485949,47.01105843141249
Japão,https://upload.wikimedia.org/wikipedia/en/9/9e/Flag_of_Japan.svg,0.543833004420133,0.493530480386386,0.541203531611255,0.5713117694046539,0.5369165198132271,0.531623214884911,0.5457100134726169,0.517581278262664,0.5442429967990229,0.545183838174087,0.50102945969848,0.481963380842776,0.446674354186507,0.5087494481157551,0.393570155696431,0.36172168413291,0.34395442015630795,0.334043509315033,0.28835755588759104,0.308201580343786,0.283649243315243,0.283523310660032
Jordânia,https://upload.wikimedia.org/wikipedia/commons/c/c0/Flag_of_Jordan.svg,,,,,,,,,,,1.17253585028362,1.68513802628546,1.80843768583917,1.84904917268917,1.49535647832407,1.6150612818295902,1.86140014518921,2.01437009083308,1.7115423563944598,1.9978872342497802,1.73594014041681,1.54762769807009
Kiribati,https://upload.wikimedia.org/wikipedia/commons/d/d3/Flag_of_Kiribati.svg,,,,,,3.5542496978887796,4.658855319248059,,,,,,,7.11093051605039,0.9943520801845521,3.8966605618984502,10.5106252866534,7.5037753369664095,,,,
Kuweit,https://upload.wikimedia.org/wikipedia/commons/a/aa/Flag_of_Kuwait.svg,,,,,,,1.8489064192608602,1.07284475982971,1.33694893500492,1.94751757181698,1.80091301897591,1.8929371570103002,2.35678534478971,1.4326971655217702,1.7382426508697097,2.0012788171641698,1.8489206220771799,1.7964657334468899,,,,
Lesoto,https://upload.wikimedia.org/wikipedia/commons/4/4a/Flag_of_Lesotho.svg,,,,,,,,,,,,,45.149869822079204,37.601316046061605,35.8061003095767,37.440867687208,34.4933498565522,30.6709130649477,31.0764201286413,,41.2481117607702,
Letônia,https://upload.wikimedia.org/wikipedia/commons/8/84/Flag_of_Latvia.svg,11.5565417851246,10.882731663104698,11.1521389556514,10.3313512291622,9.531928213342029,9.98253894553351,9.28486604990849,9.17473671935424,8.760611941754942,7.94258520177896,5.59506887929438,5.75223247288025,4.27560747740069,4.55826078868962,5.03423982279476,3.30368200078533,3.2975020704967704,3.3875764987364305,2.45003880861473,3.1744063488127,3.3623347249384397,
Libéria,https://upload.wikimedia.org/wikipedia/commons/b/b8/Flag_of_Liberia.svg,,,,,,,,,,,,,2.8466249844858904,4.83211406628405,3.8042485848195295,3.26737375336394,3.9556116493500095,3.2284578756795,,,,
Liechtenstein,https://upload.wikimedia.org/wikipedia/commons/4/47/Flag_of_Liechtenstein.svg,0.0,0.0,0.0,0.0,3.0797659377887303,0.0,0.0,0.0,0.0,2.89050757312984,0.0,0.0,0.0,2.81365183872148,0.0,2.77754631558481,0.0,0.0,0.0,2.6934575915102204,0.0,0.0
Lituânia,https://upload.wikimedia.org/wikipedia/commons/1/11/Flag_of_Lithuania.svg,13.8326154334513,11.2373766801959,10.9305565805864,8.76101747245491,8.76911183937939,10.5658890267531,10.1623178375739,8.50568719856338,10.0751182069101,10.1445734813159,11.123563654892001,8.717575085412559,8.49669533764548,9.270126829644619,7.95260750852381,7.01068537292525,6.85091404505564,6.650761907333161,6.60587041684377,5.36827370497993,5.8664509267969205,5.2468664376198
Luxemburgo,https://upload.wikimedia.org/wikipedia/commons/d/da/Flag_of_Luxembourg.svg,0.490771050397279,0.967639709030739,0.95384578698239,0.940698374473209,1.3932427725531202,0.917214511250782,2.04453450492733,1.35218580835921,0.6706578259061711,0.44265513402490797,0.8736638403641429,1.50358497617892,1.47454720868213,1.64912750847755,1.0074977986173101,1.9689341568728602,0.76931805724111,0.0,0.18358021813001502,0.719015811157687,,
Líbano,https://upload.wikimedia.org/wikipedia/commons/5/59/Flag_of_Lebanon.svg,,,,,,,,,,,,,,4.4514207694536205,3.46628239539716,3.75823612836198,3.6614325616428305,3.9459735204836694,4.47299919523921,4.283206315444939,3.94771988415237,3.99310182314494
Líbia,https://upload.wikimedia.org/wikipedia/commons/0/05/Flag_of_Libya.svg,,,,,,3.69798495120479,,,,,3.6608977383556605,,,,,3.11034638781094,,,,,2.50387688236723,
Macedonia,https://upload.wikimedia.org/wikipedia/commons/f/f8/Flag_of_Macedonia.svg,,,,2.40914995151586,1.89888155876189,2.30978775016353,2.69232764942174,2.92836058660919,3.40893706420392,2.3820554416112003,2.13564034263437,2.22960577177077,2.0334473032131397,1.6929656792323402,1.6915624382277599,2.07655334641401,1.4476088638055802,1.3982399534048602,1.05986349921642,1.58845147641751,,
Madagáscar,https://upload.wikimedia.org/wikipedia/commons/b/bc/Flag_of_Madagascar.svg,,,,,,11.369394900083101,,,,,10.0431302456208,,,,,9.17724352338637,,,,,7.686764627206109,
Malavi,https://upload.wikimedia.org/wikipedia/commons/d/d1/Flag_of_Malawi.svg,,,,,,6.153212170139481,7.69502857548862,4.71960745518183,2.43177118783998,3.24233802391567,1.53377632372374,6.11351539645291,4.985200096900731,5.46553998063517,2.1747105358337198,3.4284746024205695,2.1948322514666,1.7332093788370202,,,,
Maldivas,https://upload.wikimedia.org/wikipedia/commons/0/0f/Flag_of_Maldives.svg,,,,,,,2.4387949565720297,2.7179359994020498,1.3235873187098999,,,,0.8926711696967891,1.44904855471897,1.6925199082654199,1.64604086022095,0.7997206309262629,2.58931183859266,0.7549125937035258,,,
Mali,https://upload.wikimedia.org/wikipedia/commons/9/92/Flag_of_Mali.svg,,,,,,12.8839235068643,,,,,12.6845733207186,,,,,12.1799252087799,,,,,10.903175976970301,
Malta,https://upload.wikimedia.org/wikipedia/commons/7/73/Flag_of_Malta.svg,,,,1.27087733746114,2.52947470398822,1.0083999717648,1.50317545815535,1.49512961527823,0.0,1.72836518874982,0.9833155926811821,0.0,0.974839395209639,1.4558583740973703,0.966078566339408,0.9612842757924591,0.717073765378245,2.85178557424267,1.6538845021571398,1.4098738162934399,0.9354186934071691,
Malásia,https://upload.wikimedia.org/wikipedia/commons/6/66/Flag_of_Malaysia.svg,1.91112220033869,2.10381632280958,2.47916821519033,2.81779131034374,2.57131259998274,2.37647423349864,2.18153520750978,2.33482545898639,2.28849607855058,1.9742506080354199,2.3539138279693503,2.2491193435509103,2.4487485749278597,2.2020526007292403,2.03221234061487,1.9208681299484398,1.85087351451685,2.06373187995416,2.1106332694241203,,,
Marrocos,https://upload.wikimedia.org/wikipedia/commons/2/2c/Flag_of_Morocco.svg,,,,,1.8984395319235603,1.59794126931512,1.86074678245012,1.5654453753084099,1.70888981571031,1.55735962598186,1.53664337456059,1.61325089297324,1.6556778654219602,1.34823544938254,1.35042635492074,1.39156131914953,1.3421052847815,1.1489842933847099,1.26830134449699,1.03444009487477,1.23838753093742,
Mauritius,https://upload.wikimedia.org/wikipedia/commons/7/77/Flag_of_Mauritius.svg,2.19857919018414,2.9553704296065497,2.06471505211685,2.64178052598702,1.94179675297813,2.19382438435803,,,3.22582246065737,2.8790542224620497,3.0278158073261703,4.071336326579799,3.64694050057095,3.8731760770052004,3.0546034481649897,2.6443261175282795,2.7177757723079403,2.3137602513541498,2.7882003361772996,1.51127210136022,1.66738655419483,1.82194496268657
Mauritânia,https://upload.wikimedia.org/wikipedia/commons/4/43/Flag_of_Mauritania.svg,,,,,,13.701140606542001,,,,,12.3868384541575,,,,,10.868792961796,,,,,9.94168576161054,
Moldova,https://upload.wikimedia.org/wikipedia/commons/2/27/Flag_of_Moldova.svg,9.104004609622589,9.28573434953315,9.32440252368,8.45713040326535,9.119053806976991,10.3068513901991,9.81960360816676,9.601074171051401,7.6468616944007195,6.6485260313796,7.11932249063725,6.32128027639919,5.255956609534981,5.740081334033821,6.0058007246023,6.53693823034065,7.455790107736171,5.62142110016366,4.15033138799852,3.1941510671290203,,
Monaco,https://upload.wikimedia.org/wikipedia/commons/e/ea/Flag_of_Monaco.svg,,,,,,,3.0902348578492003,,,3.0017410097856803,2.95919273222265,2.9063008602650497,0.0,0.0,0.0,0.0,0.0,0.0,0.0,,0.0,
Mongólia,https://upload.wikimedia.org/wikipedia/commons/4/4c/Flag_of_Mongolia.svg,,,,,,,,,13.8906550314544,13.3369005203394,15.753354712509198,13.1352003039861,11.3054516971682,8.066568980008991,8.20750675807606,8.810572687224669,9.63239032473467,7.0712160288477195,7.145080333358081,7.28480082738921,6.180974222314191,5.65592151830071
Montenegro,https://upload.wikimedia.org/wikipedia/commons/6/64/Flag_of_Montenegro.svg,,,,,,,,4.401824637827651,3.25681447719171,2.27588617317868,3.5691804512742,4.04640743762058,1.9370960347644197,3.86345892257789,3.37158747182316,2.40274874456378,3.35749665049739,2.71398147468175,1.59465726031504,3.1863674455210798,2.70623931433447,4.455617435594849
Moçambique,https://upload.wikimedia.org/wikipedia/commons/d/d0/Flag_of_Mozambique.svg,,,,,4.87139563098585,,5.91755511583937,5.43374390493289,5.295031120480321,5.56302077935952,5.20478113393493,4.14898032311275,3.8263259064302404,4.3551036869213595,3.49854529806352,3.6125072017911397,3.4043058253527003,,,,,
Myanmar,https://upload.wikimedia.org/wikipedia/commons/8/8c/Flag_of_Myanmar.svg,,,,,,2.25835679876687,1.9644851116691797,1.72676326075695,1.6042030455752798,1.5455433881976297,1.3943142587155102,1.5906982354550299,1.5232374241497901,1.59863371991032,1.76503578564875,1.5970206174763601,2.08691739967085,2.81643102723202,2.40630400335125,2.3688384729874,2.19831935813502,2.2653098527122
México,https://upload.wikimedia.org/wikipedia/commons/f/fc/Flag_of_Mexico.svg,16.919404883017002,15.4541353492245,14.1992969608716,14.078069970007698,12.433804885392098,10.555480256016901,9.97893915057329,9.66694573807667,9.54842554489993,8.719051514491019,9.14611987134624,9.49384525057675,7.928549453860019,12.322520751011501,17.1446785075391,21.954681640026102,22.850781858566698,21.4908249935175,18.8214123479123,16.1083096659518,16.4920513864742,19.2639600963009
Namíbia,https://upload.wikimedia.org/wikipedia/commons/0/00/Flag_of_Namibia.svg,22.587552502434395,20.7528035391467,18.6657472692069,22.5787607644381,20.475042597812898,20.0078241122713,18.2561403726528,17.6337450761844,,17.5191665654669,,,,16.8061242656222,18.1559540298731,14.4489386472296,13.9012944903483,17.1383088022884,,,,
Nauru,https://upload.wikimedia.org/wikipedia/commons/3/30/Flag_of_Nauru.svg,,,,,,,,,,,,,,,,,,0.0,,,,
Nepal,https://upload.wikimedia.org/wikipedia/commons/9/9b/Flag_of_Nepal.svg,,,2.5339563369797005,2.7950922995379197,2.64423993044054,2.6747078071266897,3.5096756335430097,3.4925834705061094,3.0339923776652795,3.6982235369881,3.4242986437710297,2.3515245473334505,3.20810569674505,3.36910692869304,3.0140865917161297,3.00853302116627,2.48470870376626,2.32188694906044,2.1654217873591497,1.9701135191413999,,2.16377918674121
Nicarágua,https://upload.wikimedia.org/wikipedia/commons/1/19/Flag_of_Nicaragua.svg,15.2467953694598,13.986415852060098,14.073125118787301,13.009259579721501,11.2318383576289,9.469252382631,10.527863549478,10.7120745189138,12.1162881264765,12.166405540950198,13.5518785989625,13.2471935490204,12.9298495899934,13.1557638869276,14.1531551388747,13.6813854555195,12.7070053823982,11.4512103572029,9.99033426750247,8.72963521598032,8.615537398255679,7.367124637274821
Nigéria,https://upload.wikimedia.org/wikipedia/commons/7/79/Flag_of_Nigeria.svg,,,,,,12.7539390354432,,,,,11.820598135038303,,,,,10.7177114555443,,,,,9.848349858305811,
Noruega,https://upload.wikimedia.org/wikipedia/commons/d/d9/Flag_of_Norway.svg,0.9864430606712951,0.980584651934636,0.8612694386245799,0.856000836177659,0.828544198578308,1.06681673222033,0.8180148989254159,1.01187434544378,1.11594785766457,0.7829126700062241,0.7123792517168341,0.7061738856897071,0.6356406240465389,0.712577773148351,0.60076483578404,0.593547362418791,2.2435142730963196,0.538706350569742,0.9060288538675909,0.56416819916149,0.46155301821057393,0.5143052284955271
Nova Zelândia,https://upload.wikimedia.org/wikipedia/commons/3/3e/Flag_of_New_Zealand.svg,1.0884176040663298,1.29124519616436,1.5990912897230902,1.29510740140665,1.17882299501201,1.34749970134742,1.3050377271053502,1.51392584690273,1.09396432532609,1.102822785201,1.4750849685214498,1.1705917723643302,1.13390710607772,1.19205530201656,1.5496768576809201,0.983967733180902,0.8826794526934741,0.9176893120307049,1.01825622735625,0.98539426719513,,
Níger,https://upload.wikimedia.org/wikipedia/commons/f/f4/Flag_of_Niger.svg,,,,,,,,,,,,,,,,,4.86972004559605,4.44403488138769,,,,
Omã,https://upload.wikimedia.org/wikipedia/commons/d/dd/Flag_of_Oman.svg,,,,,,,,1.19951077096413,1.4673483547880601,1.7179663695812,2.11048676983629,4.6844917384536,1.38953462607623,1.70350712247201,1.28341118204945,1.5781894221853998,1.05026831266364,1.1256567774351398,2.61351196463083,0.6564123279284511,,
Palau,https://upload.wikimedia.org/wikipedia/commons/4/48/Flag_of_Palau.svg,,,,,,,,,,,,,,,,,,3.11242942480008,,,,
Palestina,https://upload.wikimedia.org/wikipedia/commons/0/00/Flag_of_Palestine.svg,1.19401191469825,4.41234220361194,1.57985703347085,1.51203021641184,1.7449125297968,,,,2.73192360262834,2.7396939704758,2.40480737772533,,,1.24600564336723,1.11167705579406,0.786853836244406,0.574317250456163,0.605360701845885,0.543645195399674,0.7713626120541941,0.965067970809482,0.688240776489095
Panamá,https://upload.wikimedia.org/wikipedia/commons/a/ab/Flag_of_Panama.svg,14.083317954997598,9.078539248392131,11.301551218630099,9.882965987121901,9.82881989325557,9.866856831907368,9.903925449981289,11.939293771721301,10.5011445312719,9.4202825411885,10.9294047527898,6.515512669134309,8.078042577364629,14.020546784261,15.7010212648262,12.626186381175803,14.806695755036301,16.8833943202883,17.2725430133215,14.549232502370698,11.261576182295402,9.6695905855676
Papua Nova Guiné,https://upload.wikimedia.org/wikipedia/commons/e/e3/Flag_of_Papua_New_Guinea.svg,,,,,,8.34496543748616,,,,,,9.42773348632021,7.84559625173622,,,,,,,,,
Paquistão,https://upload.wikimedia.org/wikipedia/commons/3/32/Flag_of_Pakistan.svg,,6.931456886529389,6.93004657253483,7.434970026679539,6.60620797085997,6.429244007604929,6.77464876292181,6.54388447069919,6.327545565453839,6.376164525471831,6.35567615125826,6.396170730729341,6.58379853915764,7.36901784655862,7.47742077531712,7.73334071606467,7.95709072802873,7.78251964137704,7.66980406614082,7.15508909457548,5.0089630922058,4.40839526553216
Paraguai,https://upload.wikimedia.org/wikipedia/commons/2/27/Flag_of_Paraguay.svg,,,,16.7055356602687,12.113997686111801,18.7640258736116,24.303521014222603,24.906460085854697,22.913899018357895,21.196618359181898,15.304993845218402,12.613049985075099,13.1240216695532,13.775159303185301,13.3978759552514,11.9326034960113,10.4388727733384,10.173659189314598,9.34154481930916,8.82094758342663,9.29340172995845,
Países Baixos,https://upload.wikimedia.org/wikipedia/commons/2/20/Flag_of_the_Netherlands.svg,1.93876800047205,1.35978823908196,1.33283633916763,1.12168318759418,1.28680287929434,1.1302139595488898,1.26107230851273,1.21040163298698,1.24684038609832,1.17270133040817,1.06310454142375,0.77857829413739,0.8662962069069129,0.9053196218854141,0.9262084885684821,0.8631584032936209,0.8543943533017441,0.8636558432720759,0.7422935528716991,0.7282693312877059,0.6139859263798989,0.5533629041050351
Peru,https://upload.wikimedia.org/wikipedia/commons/b/b4/Flag_of_Turkey.svg,,,,,,,,,4.29290387831105,4.3487438898021695,4.8672079865920095,4.607101698934191,5.17117902924972,4.623791198731991,5.1752763926305,4.23632065927768,4.16976260074401,4.31273398945448,,,,
Peru,https://upload.wikimedia.org/wikipedia/commons/c/cf/Flag_of_Peru.svg,,,,,,,,,,,,,,,,,5.4334697502744405,6.52542265540536,6.58581006248962,6.702535346995361,7.161371580815571,7.665964527280769
Polônia,https://upload.wikimedia.org/wikipedia/en/1/12/Flag_of_Poland.svg,2.22182989284841,2.2735001396653103,2.1021583305018003,4.87144747933219,4.74749000594662,2.2178703541939,2.0143284687041203,1.8604906415241997,1.7222170104779,1.6486063962906998,1.4467190575337,1.27800406853899,1.3696991501473301,1.2002393485998402,1.2863709648591102,1.1376860540721299,1.1716829440566798,0.9838871130204959,0.772655290727085,0.7364258693350699,0.7500282371257908,0.670146170293168
Portugal,https://upload.wikimedia.org/wikipedia/commons/5/5c/Flag_of_Portugal.svg,,1.04237920496755,1.11641232867845,1.21923456648993,1.05890339575747,1.12021911485887,1.00968217897492,1.13944640905858,1.4207914036970901,1.3677463377642,1.27771663141273,1.46227091049761,1.7403378324986,1.16408981929289,1.2194417283203898,1.16406555904577,1.0729078532149101,1.15292065515,1.36782350973254,0.8786030364520941,0.9598335571825161,0.6359328417919339
Quirguistão,https://upload.wikimedia.org/wikipedia/commons/c/c7/Flag_of_Kyrgyzstan.svg,11.650354355871501,11.140171910668302,9.26304364201776,8.81035351284342,8.83878204441233,8.73856213666379,7.7781964659583,8.23533914268717,8.39938957785386,8.33675901347558,8.25553948669853,8.23136775293413,8.208535335239661,8.152338124779801,7.8452945365106705,19.7700733097187,8.97105128917094,5.3806612242738305,3.6243307303835697,3.74054084757192,5.1829363414368395,4.485384601066531
Quênia,https://upload.wikimedia.org/wikipedia/commons/4/49/Flag_of_Kenya.svg,,,,,,,,,,3.4203916181617005,3.0059679949294704,2.9848820780496603,2.8925658568369705,3.1040336344642903,4.74058784004972,4.65666970220569,5.34579661245215,5.4401910397249695,5.46547449721483,5.00822935734966,4.78657719274509,4.87343584003748
Reino Unido,https://upload.wikimedia.org/wikipedia/en/a/ae/Flag_of_the_United_Kingdom.svg,1.46863785301919,1.32075471698113,1.4332816136539999,1.45011600928074,1.47497737469432,1.55214052221946,1.63315423469708,1.86523930759149,1.55420703199125,1.58639698318726,1.3833884637411398,1.4144085237125803,1.4214847073972199,1.2275231767088401,1.12559096913813,1.1941836998569,1.00451511522572,0.9758704741283041,0.932842892085238,0.907473313440083,0.992399049009528,1.2024106683055
República Centro-Africano,https://upload.wikimedia.org/wikipedia/commons/6/6f/Flag_of_the_Central_African_Republic.svg,,,,,,,,,,,,,,,,,,,,,,19.7573759607917
República Checa,https://upload.wikimedia.org/wikipedia/commons/c/cb/Flag_of_the_Czech_Republic.svg,1.70553592735657,1.6779799371795299,1.81624213868242,1.6928199237511101,1.6763585204576699,1.7590587150474501,1.38250588733317,1.45331271905153,1.5919092725003898,1.30865304834125,1.0528187467245602,1.26234574135041,1.21661713618754,1.09365169726109,0.896361107654399,0.9775740711670129,0.813722387253323,0.9918053265613499,0.8494989041936079,0.764257218409428,0.8298941451156681,0.6126471022244481
República Dominicana,https://upload.wikimedia.org/wikipedia/commons/9/9f/Flag_of_the_Dominican_Republic.svg,12.720574702175,12.8122870826323,12.6730332990665,13.465983076827,12.6032079775233,14.1311855177071,12.5903660588567,14.480963872882302,21.209309794196102,24.596292342368997,25.915917677881797,22.8782698905962,22.2108753746836,24.842993113696604,24.314689205035602,24.994986353283,25.0620942556144,22.333935666842297,19.2388196974389,17.3940720233746,,15.181704903205901
Romênia,https://upload.wikimedia.org/wikipedia/commons/7/73/Flag_of_Romania.svg,3.3420110988276805,3.19930731894723,3.08473623546624,2.5075365777400003,2.5400882927510096,2.62561749462042,2.71559467770736,2.5761077400552597,2.53579112702293,2.3898665213232597,2.11375866512734,2.0617661842290698,1.9775518393109799,2.2573272361803998,1.9255061910844198,1.97648308025299,1.65081823668269,1.87395380208123,1.6742905853892902,1.4920339406679197,1.46403153735235,1.24880125191567
Ruanda,https://upload.wikimedia.org/wikipedia/commons/1/17/Flag_of_Rwanda.svg,,,,,,,,,,,,3.4649131382120197,2.8367587194871096,1.48328691022993,,2.839899356309,,2.37281942760736,3.2444202523761296,3.77246833219968,2.5194433526378903,
Rússia,https://upload.wikimedia.org/wikipedia/en/f/f3/Flag_of_Russia.svg,,,,,,28.0676082218734,29.4352707416714,30.4776582965232,28.8854916490297,27.2526690291154,24.813013755883397,20.1251812227426,17.7275409199385,16.5903489415566,14.935066772942701,,,,10.977231246034501,11.310409114192,11.480456702978499,10.8161823951361
Samoa,https://upload.wikimedia.org/wikipedia/commons/3/31/Flag_of_Samoa.svg,,,,,,,,,,,,,,,8.656790711263572,8.59268011063076,,,3.1453629486729198,,,
San Marino,https://upload.wikimedia.org/wikipedia/commons/b/b1/Flag_of_San_Marino.svg,,,,,,0.0,0.0,3.55606130649692,0.0,0.0,0.0,0.0,0.0,0.0,0.0,0.0,0.0,,,,,
Santa Lúcia,https://upload.wikimedia.org/wikipedia/commons/9/9f/Flag_of_Saint_Lucia.svg,,,,,,14.654441888766401,21.455977382875602,26.288940493105397,22.363998931497804,22.8041737801308,25.043673723688897,25.996481406470103,17.3353737267467,23.0469211677107,22.8040836851399,25.495422412794102,26.462331446454,22.3067463608545,18.786291699874802,19.272082121742898,,
Senegal,https://upload.wikimedia.org/wikipedia/commons/f/fd/Flag_of_Senegal.svg,,,,,,9.953217922649538,,,,,9.30597438706009,,,,,8.50969958507239,,,,,7.375585213561551,
Serra Leoa,https://upload.wikimedia.org/wikipedia/commons/1/17/Flag_of_Sierra_Leone.svg,,,,,,,,,,2.0589389662471898,1.7496176908616399,1.72688183956344,2.2276094907468598,2.98441034863752,2.50385879504173,2.523719870191,2.8283229164334904,1.67008985822415,,,1.7134112428795,
Seychelles,https://upload.wikimedia.org/wikipedia/commons/f/fc/Flag_of_Seychelles.svg,,,,,,,,,,11.430661606693802,,10.0380329916684,8.86122218406974,6.616236243742139,15.3788694333985,9.84628849625294,17.422741032733,4.334398873056291,19.403869994070998,17.157440967679698,7.46730387659747,12.736879422085302
Somália,https://upload.wikimedia.org/wikipedia/commons/a/a0/Flag_of_Somalia.svg,,,,,,5.43282495582579,,,,,4.96439874252696,,,,,5.28020693524877,,,,,4.30845694504272,
Sri Lanka,https://upload.wikimedia.org/wikipedia/commons/1/11/Flag_of_Sri_Lanka.svg,,,,,,,,,6.81748150055578,7.10799999463158,6.243419185212799,10.3913793035956,,10.0371847110715,5.47444728256706,3.77753572283839,3.60324581564465,3.3097416320698305,3.0155062789027594,2.68139881157301,2.3510623712226097,2.5495429102503198
Suazilândia,https://upload.wikimedia.org/wikipedia/commons/1/1e/Flag_of_Swaziland.svg,,,,,,,18.827003141872698,12.9518100154497,13.2426944468968,13.3326880068819,13.7447970969542,10.7986156353245,14.932793644603,18.724701159809698,15.8383975268385,17.292364838969,,,,,,
Sudão,https://upload.wikimedia.org/wikipedia/commons/0/01/Flag_of_Sudan.svg,,,,,,,,,,,,,4.680550710313071,5.16454068844845,,,,,,,,
Sudão do Sul,https://upload.wikimedia.org/wikipedia/commons/7/7a/Flag_of_South_Sudan.svg,,,,,,,,,,,,,,,,,,13.902423107306198,,,,
Suriname,https://upload.wikimedia.org/wikipedia/commons/6/60/Flag_of_Suriname.svg,,,,,,14.394885581828598,16.5361912337255,11.800167272546599,12.286722967161698,9.318720499159289,13.829151852104198,12.294098634363598,8.82863617190336,8.34711578031944,,,,,,,,
Suécia,https://upload.wikimedia.org/wikipedia/en/4/4c/Flag_of_Sweden.svg,0.9403022493955729,1.0963646920385,1.0277917138302601,1.05053289128114,1.11832979816858,1.08088145882968,0.977770555012912,1.1321989073944199,0.9495698001948739,1.19012675294826,0.9182814683165792,1.00041071807063,1.2113615234257098,0.8877446846287009,0.9985528499664681,0.969098742429315,0.8557038259046271,0.712720499214592,0.9048129496829359,0.897890638158742,1.14712197849863,1.0777628684988199
Suíça,https://upload.wikimedia.org/wikipedia/commons/0/08/Flag_of_Switzerland_%28Pantone%29.svg,1.16830718842316,1.1754770560332901,1.22699680684659,1.06847399980992,1.2470679890258,0.962712337367889,1.1939991822493998,1.1872034924765802,1.00111178263312,1.06162212866942,1.0121036804408101,0.8019881821694771,0.6745712306216191,0.7062411973247059,0.659156504562849,0.663945257202817,0.580044867731486,0.560281983697039,0.700876489085878,0.498199858098099,0.6851151756737479,0.536357442139488
São Cristóvão e Nevis,https://upload.wikimedia.org/wikipedia/commons/f/fe/Flag_of_Saint_Kitts_and_Nevis.svg,9.27622272210756,9.15038660383401,15.800641054579899,17.822135091784002,13.1929022186064,6.61171596068233,13.0463144161774,10.7201818142836,21.1389675728237,22.9305205228159,16.4571804735554,34.5458240195082,32.139485366490604,45.6965747437018,53.0597806862398,40.8202935173486,65.377071876322,34.2263885455686,,,,
São Tomé e Príncipe,https://upload.wikimedia.org/wikipedia/commons/4/4f/Flag_of_Sao_Tome_and_Principe.svg,,,,,,,,,,,,2.5105442860012,2.45246810258674,8.387603122584819,2.92717767383045,3.4329656245708797,3.3557046979865803,,,,,
Sérvia,https://upload.wikimedia.org/wikipedia/commons/f/ff/Flag_of_Serbia.svg,,,,,,2.4031329264520096,2.5814215410385497,2.1384187783106596,1.89188948054627,1.77137528821302,1.59522759991171,1.70058961404138,1.8718773309525099,1.53853728183541,1.69888742730637,1.4396909050074198,1.50104305814285,1.23925642827988,1.59188988157797,1.3506346632282502,1.17497130358547,1.3942721396133
Tadjiquistão,https://upload.wikimedia.org/wikipedia/commons/d/d0/Flag_of_Tajikistan.svg,7.53194062268198,8.25891493556511,8.37653218632032,8.1457596592783,5.84836707693699,4.5526169101566,3.68255724361381,2.79169835761284,2.4935847211374,2.1153487770677097,2.29057438851877,2.77120806244417,1.84553823654627,1.36803995990001,1.29803759464802,2.3686046039915603,1.6120883081504198,,,,,
Tailândia,https://upload.wikimedia.org/wikipedia/commons/a/a9/Flag_of_Thailand.svg,7.6143973937905995,7.4247263600836595,7.85607293639164,8.69439944931902,8.095033125141539,8.16734693741406,7.90012206160704,7.08252834213088,9.96670247698426,6.57362052696314,7.34576304916113,7.12048541930589,6.699839558859,5.971830511816231,5.5366277379786695,5.43678739250962,4.89707335081393,4.89800281318995,4.24694721319037,3.8718576199415,3.47667264803896,3.2394372444387
Tanzânia,https://upload.wikimedia.org/wikipedia/commons/3/38/Flag_of_Tanzania.svg,,,,,,,,,7.47797953068653,7.649676402479019,,,,,,8.434097259068071,8.72171816292237,8.336899232131241,7.30104383993434,7.47010584060238,6.9524925567405305,
Tonga,https://upload.wikimedia.org/wikipedia/commons/9/9a/Flag_of_Tonga.svg,,,,,,1.01955506616912,6.084513898043831,6.04936280045169,6.0126867690827694,1.99191283389439,3.95878900644293,7.86712427106177,0.97697275222994,3.88330663560021,7.721709586502451,0.9602734858887809,1.9124664123086297,0.952825604329639,,,,
Trinidad e Tobago,https://upload.wikimedia.org/wikipedia/commons/6/64/Flag_of_Trinidad_and_Tobago.svg,,,,,,9.46384181503868,11.867523852937,13.381988469577902,17.834168709678398,20.146683352253103,29.762501407164898,28.469608884359697,29.8641980966347,41.5851941504,38.362068313234204,35.614788043069,26.371228989172803,28.324642140508104,30.261494917848896,29.900486750393,30.880263982142402,
Tunísia,https://upload.wikimedia.org/wikipedia/commons/c/ce/Flag_of_Tunisia.svg,,,,,,,,,,1.94657383539233,2.57362497651567,2.44210159613406,2.65097779810949,2.69040991854207,2.42353186716308,2.68798735630898,,3.0496015860867596,,,,
Turcomenistão,https://upload.wikimedia.org/wikipedia/commons/1/1b/Flag_of_Turkmenistan.svg,6.42309832115969,7.82624792334963,8.25647470209232,7.849306064464871,7.2144121029516795,5.91214028113888,5.433734728576191,5.22776345867095,5.00457392281916,4.44359588535778,4.33260891831791,4.22028209363413,,,,,,,,,,
Tuvalu,https://upload.wikimedia.org/wikipedia/commons/3/38/Flag_of_Tuvalu.svg,,,,,,,,0.0,0.0,0.0,0.0,0.0,0.0,0.0,0.0,9.495774380400722,9.40910801656003,18.6480186480186,,,,
Ucrânia,https://upload.wikimedia.org/wikipedia/commons/4/49/Flag_of_Ukraine.svg,8.62060162996857,9.642859105361289,8.40437322981275,8.41353686939213,8.60914571629369,9.0458503400302,10.0283278569036,8.95380686021674,8.4929645320056,7.3852137219854805,6.4616341114399,6.34540783499983,5.70426367840284,5.3392305921890895,4.87019791962538,4.3413221741262795,,5.15112317087442,,6.338642687392,,
Uganda,https://upload.wikimedia.org/wikipedia/commons/4/4e/Flag_of_Uganda.svg,,,,,,,,,8.02258944849205,7.43241292324309,8.73039951737567,9.12331507158791,8.64647888737437,8.820771771104859,9.8651603759868,9.31737463627225,10.6942430151462,11.199005277138697,10.2706186864121,11.5184535514305,,
Uruguai,https://upload.wikimedia.org/wikipedia/commons/f/fe/Flag_of_Uruguay.svg,,,,,,6.4433668699538895,6.552246804502291,6.94157924834416,5.92367717823683,6.01667340534088,5.713234135551589,6.064166688931969,5.808833679018821,6.59539265565723,6.720679918697621,6.07512709610407,5.877793871971611,7.8603923660575905,7.6290967882969705,7.83729769975312,8.538410608377779,7.69427045714884
Uzbequistão,https://upload.wikimedia.org/wikipedia/commons/8/84/Flag_of_Uzbekistan.svg,5.04813464007738,4.938440391696701,4.437572989444719,4.41406371263708,4.14394461597587,4.29797351353701,4.29163642637777,4.14708820315684,3.72812788090308,3.67732420459898,3.43238414458801,3.2019024879005498,2.98618203802344,2.9982870796738,,,,,,,,
Vanuatu,https://upload.wikimedia.org/wikipedia/commons/b/bc/Flag_of_Vanuatu.svg,,,,,,2.91391032783431,,,,,2.47488468309691,,,,,2.31017489959584,,,,,2.12892379716027,
Venezuela,https://upload.wikimedia.org/wikipedia/commons/0/06/Flag_of_Venezuela.svg,20.335913345501,22.049625836383502,18.3997880692813,19.4242415730169,24.9851242639426,32.7584474897033,31.905756487891303,37.8492406144352,43.844791602520196,36.9161580835048,37.2010905997765,44.99770330723761,47.508365693803206,51.841215994726106,48.920285400630206,45.0598908992559,47.8493729705891,53.7649516209103,,61.909577662165496,,56.333319912791794
Vietnã,https://upload.wikimedia.org/wikipedia/commons/2/21/Flag_of_Vietnam.svg,,,,,,,1.23736874817437,1.30191022319939,1.2797944671838601,1.27263204898381,1.2489793033928798,1.23157026489701,1.3598854063688002,1.25940225378337,1.40809029757607,1.51007354691138,1.5183932885496003,,,,,
Zimbábue,https://upload.wikimedia.org/wikipedia/commons/6/6a/Flag_of_Zimbabwe.svg,,,,,,,12.364382975643599,12.983454694902802,10.764691211270799,10.6123954814048,10.432740815478699,8.168075215172019,,,,5.0474513671671595,,6.66855824411219,,,,
Zâmbia,https://upload.wikimedia.org/wikipedia/commons/0/06/Flag_of_Zambia.svg,,,,9.00634968309423,10.7791614274948,7.567973362253059,,,,,,,,5.30478959056579,6.03429575644096,5.877242314151889,6.04987565157091,6.02043396512516,5.72155998629993,5.28136081655344,5.297943484917661,
cabo Verde,https://upload.wikimedia.org/wikipedia/commons/3/38/Flag_of_Cape_Verde.svg,,,,,,,,,3.2598278376258,4.49040336651955,9.27160969894662,7.279609812914031,5.96170529440545,6.91446200401446,7.646444503916791,7.762986082359309,10.4316950323481,10.8953867765025,10.382498952136698,12.3471564498696,8.631802939691841,11.485829080489
África do Sul,https://upload.wikimedia.org/wikipedia/commons/a/af/Flag_of_South_Africa.svg,64.9165265781694,60.3901674280048,57.1123953327189,57.74168140733721,51.2128709517669,47.5810228301655,46.1463775600245,45.831924277572,41.6044693072283,38.9513257658781,37.951203617261,38.7038626195599,36.8832225657329,35.8723195364354,32.895293145972296,30.8095450773809,29.760722566005697,30.5915974940514,31.660450879934803,32.6460213630943,33.7720858960893,33.970957025492396
Áustria,https://upload.wikimedia.org/wikipedia/commons/4/41/Flag_of_Austria.svg,1.03331508650107,1.24364609902136,0.8279440656042808,0.9653820273699599,0.751437688156866,1.01620021424475,0.864437865935072,0.7990743522703299,0.611557058518183,0.7180406496198951,0.654255995832147,0.7362939188761021,0.54140008226875,0.695572667975703,0.609316230105526,0.689659354652448,0.886539074387011,0.9274969744813879,0.722797571679952,0.5212423637993701,0.530035926065519,0.6552196498579761
Índia,https://upload.wikimedia.org/wikipedia/en/4/41/Flag_of_India.svg,4.366262779583391,4.39507984612006,4.352470694596629,4.47327353382515,4.233402404214161,4.87573766993708,4.61073458209736,4.46969004548027,4.00089222306261,4.12827662076844,3.9414617578385895,3.8812276055355204,3.84527603731774,3.84238557268593,3.7737896035146803,3.7742265447118997,3.81964591242577,3.75894890395628,3.58824934358474,3.6600579537205804,3.3906164816824402,3.22369940894267
